City_ID,City,Lat,Lng,Max Temp,Humidity,Cloudiness,Wind Speed,Country,Date
0,puerto ayora,-0.7393,-90.3518,28.98,87,64,2.24,EC,1689287432
1,weno,7.4515,151.8468,28.58,75,69,5.46,FM,1689287203
2,muzaffargarh,30.0754,71.1921,33.01,34,0,5.04,PK,1689287485
3,albany,42.6001,-73.9662,28.43,94,68,1.04,US,1689287731
4,adamstown,-25.066,-130.1015,21.16,77,1,2.75,PN,1689287794
5,new norfolk,-42.7826,147.0587,14.95,84,94,3.88,AU,1689287794
6,college,64.8569,-147.8028,23.37,43,75,2.57,US,1689287767
7,whangarei,-35.7317,174.3239,14.97,77,73,4.07,NZ,1689287718
8,troitskoye,52.9821,84.6757,20.28,61,69,2.64,RU,1689287795
9,klyuchi,52.2667,79.1667,25.4,45,74,2.49,RU,1689287795
10,paracuru,-3.41,-39.0306,26.73,83,0,6.23,BR,1689287795
11,nadi,-17.8,177.4167,25.0,69,75,4.12,FJ,1689287796
12,bredasdorp,-34.5322,20.0403,10.05,78,3,1.66,ZA,1689287425
13,grytviken,-54.2811,-36.5092,-4.18,75,8,1.51,GS,1689287796
14,abu zabad,12.35,29.25,26.63,60,9,2.73,SD,1689287796
15,stanley,54.868,-1.6985,12.66,81,20,2.06,GB,1689287797
16,utrik,11.2278,169.8474,28.47,77,36,9.11,MH,1689287797
17,edinburgh of the seven seas,-37.0676,-12.3116,13.14,72,80,10.11,SH,1689287797
18,mossel bay,-34.1831,22.146,10.96,73,15,2.0,ZA,1689287798
19,ciudad lazaro cardenas,17.9583,-102.2,30.71,72,9,4.96,MX,1689287798
20,ribeira grande,38.5167,-28.7,20.99,87,63,1.79,PT,1689287798
21,queenstown,-31.8976,26.8753,5.36,66,8,0.7,ZA,1689287800
22,saldanha,-33.0117,17.9442,10.03,52,24,4.11,ZA,1689287800
23,blackmans bay,-43.0167,147.3167,14.29,64,76,4.11,AU,1689287800
24,zlin,49.2267,17.6663,18.05,88,73,1.46,CZ,1689287800
25,pacific grove,36.6177,-121.9166,30.77,72,0,4.12,US,1689287801
26,port-aux-francais,-49.35,70.2167,2.65,63,33,16.76,TF,1689287721
27,aasiaat,68.7098,-52.8699,3.96,98,100,4.54,GL,1689287801
28,rocha,-34.4833,-54.3333,8.92,76,97,5.43,UY,1689287802
29,ilulissat,69.2167,-51.1,11.01,82,75,6.17,GL,1689287802
30,papatowai,-46.5619,169.4708,9.7,78,77,8.66,NZ,1689287802
31,lihue,21.9789,-159.3672,29.77,68,40,5.66,US,1689287802
32,pitimbu,-7.4706,-34.8086,24.33,78,2,3.44,BR,1689287803
33,farafangana,-22.8167,47.8333,18.76,84,97,3.7,MG,1689287803
34,kodiak,57.79,-152.4072,18.73,59,0,2.06,US,1689287803
35,cabo san lucas,22.8909,-109.9124,35.9,46,75,6.17,MX,1689287667
36,ta`u,-14.2336,-169.5144,27.33,72,32,6.7,AS,1689287804
37,nago,26.5881,127.9761,29.24,80,76,6.79,JP,1689287804
38,anadyr,64.75,177.4833,9.28,93,100,7.0,RU,1689287804
39,bardai,11.65,7.2333,22.62,84,100,2.42,NG,1689287804
40,longyearbyen,78.2186,15.6401,9.91,66,40,7.2,SJ,1689287805
41,thompson,55.7435,-97.8558,15.09,88,75,4.12,CA,1689287805
42,hawaiian paradise park,19.5933,-154.9731,28.74,67,40,3.6,US,1689287805
43,valle hermoso,25.6667,-97.8333,34.92,54,3,10.02,MX,1689287511
44,chulym,55.0997,80.9572,19.4,73,75,3.11,RU,1689287806
45,yellowknife,62.456,-114.3525,25.29,31,40,6.17,CA,1689287709
46,whitehorse,60.7161,-135.0538,20.05,67,75,3.6,CA,1689287480
47,lata,40.1629,-8.3327,14.64,67,3,0.87,PT,1689287806
48,wailua homesteads,22.0669,-159.378,29.44,75,40,5.66,US,1689287806
49,dingtao,35.0683,115.5625,27.16,84,95,2.59,CN,1689287807
50,undurkhaan,47.3194,110.6556,14.75,57,15,5.51,MN,1689287807
51,at taj,24.2049,23.2857,27.19,20,0,4.44,LY,1689287807
52,carmagnola,44.847,7.718,24.32,94,100,1.11,IT,1689287808
53,vila velha,-20.3297,-40.2925,24.97,81,0,5.14,BR,1689287808
54,sao vicente,-23.9631,-46.3919,25.1,64,2,4.81,BR,1689287512
55,tazacorte,28.629,-17.9293,23.54,83,0,7.72,ES,1689287808
56,susuman,62.7833,148.1667,19.73,70,64,2.56,RU,1689287809
57,bilibino,68.0546,166.4372,22.4,42,71,1.3,RU,1689287541
58,lebu,-37.6167,-73.65,8.03,73,100,2.52,CL,1689287549
59,waitangi,-43.9535,-176.5597,8.79,90,56,3.13,NZ,1689287809
60,nuuk,64.1835,-51.7216,11.34,66,100,6.17,GL,1689287810
61,east london,-33.0153,27.9116,14.8,79,3,4.74,ZA,1689287730
62,valverde del camino,37.5751,-6.7543,28.35,30,0,3.19,ES,1689287685
63,pandan,14.0453,124.1694,27.02,86,100,4.39,PH,1689287810
64,buala,-8.145,159.5921,27.89,78,36,2.81,SB,1689287811
65,invercargill,-46.4,168.35,10.22,76,85,7.05,NZ,1689287811
66,el fuerte,26.4189,-108.6194,36.94,40,10,2.81,MX,1689287811
67,tura,25.5198,90.2201,23.28,99,100,2.57,IN,1689287811
68,quang ngai,15.1167,108.8,25.33,82,97,2.13,VN,1689287812
69,fayroz koh,34.5195,65.2509,13.8,27,0,1.24,AF,1689287812
70,olonkinbyen,70.9221,-8.7187,5.0,99,100,6.13,SJ,1689287812
71,isafjordur,66.0755,-23.124,6.64,82,100,6.13,IS,1689287812
72,constantia,44.1833,28.65,25.38,72,0,5.96,RO,1689287801
73,dudinka,69.4058,86.1778,2.95,71,78,5.33,RU,1689287813
74,jamestown,42.097,-79.2353,23.9,70,40,4.12,US,1689287781
75,zahedan,29.4963,60.8629,29.95,23,0,3.09,IR,1689287813
76,avarua,-21.2078,-159.775,27.03,78,16,3.6,CK,1689287814
77,dalandzadgad,43.5708,104.425,14.16,66,20,8.53,MN,1689287814
78,salumbar,24.1333,74.05,27.59,80,100,3.94,IN,1689287814
79,maitum,6.0392,124.4986,25.77,85,100,1.13,PH,1689287814
80,iskateley,67.6803,53.1512,8.49,73,54,3.93,RU,1689287814
81,vilyuchinsk,52.9306,158.4028,12.15,81,100,2.12,RU,1689287815
82,nova sintra,14.8667,-24.7167,23.53,85,95,1.87,CV,1689287815
83,kingston,17.997,-76.7936,31.8,68,20,7.2,JM,1689287529
84,island harbour,50.724,-1.2758,16.85,87,100,0.89,GB,1689287815
85,margaret river,-33.95,115.0667,11.58,72,95,7.11,AU,1689287816
86,ushuaia,-54.8,-68.3,4.81,60,20,2.06,AR,1689287524
87,mahina,-17.5065,-149.489,27.87,61,40,9.77,PF,1689287816
88,mastung,29.7994,66.845,24.76,50,0,1.39,PK,1689287817
89,nantucket,41.2835,-70.0995,26.08,88,0,4.63,US,1689287705
90,san antonio de pale,-1.4014,5.6325,23.63,85,65,4.69,GQ,1689287817
91,wainwright,52.839,-110.8572,23.05,56,11,6.4,CA,1689287647
92,vorgashor,67.5833,63.95,6.04,63,2,1.92,RU,1689287818
93,uturoa,-16.7333,-151.4333,26.14,79,32,9.17,PF,1689287818
94,codrington,-38.2667,141.9667,9.46,65,100,7.87,AU,1689287818
95,basco,20.4487,121.9702,28.88,79,100,8.18,PH,1689287818
96,saint-francois,46.4154,3.9054,15.93,82,0,1.03,FR,1689287819
97,horta,38.5333,-28.6333,20.57,87,60,1.79,PT,1689287819
98,st. john's,47.5649,-52.7093,19.66,82,75,6.17,CA,1689287819
99,cheraw,34.6977,-79.8834,33.96,59,0,2.57,US,1689287819
100,bethel,41.3712,-73.414,29.47,71,0,4.12,US,1689287777
101,sitka,57.0531,-135.33,17.94,63,40,2.57,US,1689287820
102,haiku-pauwela,20.9219,-156.3051,31.01,56,20,9.26,US,1689287820
103,selfoss,63.9331,-20.9971,8.36,82,66,5.97,IS,1689287820
104,ocean city,39.2776,-74.5746,31.14,78,1,3.13,US,1689287821
105,iwon-up,40.3231,128.6553,21.18,98,100,3.57,KP,1689287822
106,puerto natales,-51.7236,-72.4875,-2.1,91,45,1.3,CL,1689287822
107,hermanus,-34.4187,19.2345,12.11,61,4,4.17,ZA,1689287823
108,atafu village,-8.5421,-172.5159,28.4,74,25,5.69,TK,1689287823
109,sivers'k,48.867,38.1001,17.89,68,3,3.34,UA,1689287824
110,rolesville,35.9232,-78.4575,34.01,59,0,3.09,US,1689287824
111,terrace,54.5163,-128.6035,26.95,34,20,2.06,CA,1689287824
112,black river,18.0264,-77.8487,30.3,66,30,5.95,JM,1689287824
113,gamba,-2.65,10.0,19.82,96,6,2.0,GA,1689287825
114,chibougamau,49.9168,-74.3659,14.79,94,100,6.17,CA,1689287825
115,ubari,26.5921,12.7805,28.57,17,0,3.51,LY,1689287825
116,portland,45.5234,-122.6762,31.63,37,20,4.12,US,1689287585
117,howard springs,-12.497,131.047,23.95,69,70,3.52,AU,1689287826
118,gaspe,48.8334,-64.4819,19.12,94,100,4.12,CA,1689287826
119,kiunga,-6.1219,141.2906,23.5,93,100,1.63,PG,1689287826
120,al jawf,29.5,38.75,30.91,15,0,2.43,SA,1689287827
121,piti village,13.4626,144.6933,29.61,82,75,4.12,GU,1689287827
122,saint-philippe,-21.3585,55.7679,19.77,89,66,5.01,RE,1689287827
123,dapa,9.7594,126.0531,28.27,74,99,3.31,PH,1689287827
124,inari,68.906,27.0288,14.11,72,100,2.0,FI,1689287769
125,zonguldak,41.25,31.8333,18.38,60,0,2.37,TR,1689287828
126,hamilton,39.1834,-84.5333,30.97,74,75,3.6,US,1689287668
127,glace bay,46.1969,-59.957,17.93,97,100,5.14,CA,1689287828
128,fort bragg,35.139,-79.006,33.44,56,0,4.63,US,1689287829
129,nova vicosa,-17.8919,-39.3719,22.89,86,4,4.84,BR,1689287688
130,san patricio,28.017,-97.5169,37.32,51,2,8.84,US,1689287829
131,hithadhoo,-0.6,73.0833,27.82,76,94,2.62,MV,1689287829
132,juneau,58.3019,-134.4197,22.28,82,75,5.14,US,1689287727
133,hastings,50.8552,0.5729,16.96,43,100,5.51,GB,1689287646
134,papao,-17.75,-149.55,27.82,71,29,9.29,PF,1689287830
135,saudarkrokur,65.7461,-19.6394,4.69,98,100,7.0,IS,1689287830
136,yurimaguas,-5.9,-76.0833,33.09,58,20,1.54,PE,1689287830
137,lucapa,-8.4192,20.7447,19.57,36,84,1.74,AO,1689287831
138,taunsa,30.7048,70.6505,36.11,35,1,3.29,PK,1689287831
139,chui,-33.6971,-53.4616,10.16,76,100,6.21,UY,1689287831
140,ca mau,9.1769,105.15,26.39,85,100,1.4,VN,1689287832
141,san miguel,13.4833,-88.1833,36.78,44,20,1.54,SV,1689287619
142,mbeya,-8.9,33.45,11.02,91,37,2.99,TZ,1689287832
143,port saint john's,-31.6229,29.5448,14.6,82,13,2.34,ZA,1689287832
144,cotonou,6.3654,2.4183,25.99,89,20,3.6,BJ,1689287832
145,port alfred,-33.5906,26.891,12.32,95,0,6.46,ZA,1689287833
146,rongelap,11.1635,166.8941,28.2,80,49,7.75,MH,1689287833
147,daru,-9.0763,143.2092,25.48,80,97,7.08,PG,1689287833
148,mirnyy,62.5353,113.9611,10.13,93,87,3.13,RU,1689287833
149,kidal,18.4411,1.4078,33.86,29,71,3.67,ML,1689287834
150,williams lake,52.1415,-122.1445,19.76,52,100,0.0,CA,1689287834
151,medyn',54.9692,35.8586,13.64,82,66,2.36,RU,1689287834
152,punta arenas,-53.15,-70.9167,-1.94,86,0,2.06,CL,1689287834
153,antofagasta,-23.65,-70.4,17.6,74,60,2.13,CL,1689287746
154,rio segundo,-31.6526,-63.9099,8.54,75,29,2.67,AR,1689287835
155,eyl,7.9803,49.8164,25.86,71,34,11.06,SO,1689287835
156,prado,-17.3411,-39.2208,23.17,85,7,5.56,BR,1689287835
157,igarka,67.4667,86.5833,5.45,65,57,2.73,RU,1689287836
158,port elizabeth,-33.918,25.5701,15.16,88,0,5.14,ZA,1689287836
159,waiuku,-37.25,174.75,15.93,82,64,5.38,NZ,1689287836
160,noosa heads,-26.3833,153.15,15.19,75,38,3.47,AU,1689287836
161,mata-utu,-13.2816,-176.1745,27.84,79,84,7.98,WF,1689287776
162,teluk nibung,3.001,99.8164,24.18,92,100,1.41,ID,1689287837
163,west island,-12.1568,96.8225,25.99,78,40,6.17,CC,1689287837
164,lompoc,34.6391,-120.4579,35.43,64,20,3.6,US,1689287837
165,minas de marcona,-15.2119,-75.1103,13.24,84,17,6.33,PE,1689287838
166,el granada,37.5027,-122.4694,32.75,67,0,6.69,US,1689287838
167,port mathurin,-19.6833,63.4167,23.8,78,15,7.25,MU,1689287838
168,ola,59.5833,151.2833,15.08,80,56,1.27,RU,1689287601
169,gadzhiyevo,69.2551,33.3362,11.33,69,98,3.86,RU,1689287594
170,kapuskasing,49.4169,-82.4331,25.05,36,75,3.6,CA,1689287839
171,turkmenbasy,40.0222,52.9552,22.43,53,0,5.14,TM,1689287839
172,talpa de allende,20.3833,-104.8167,26.26,69,62,1.1,MX,1689287839
173,vila franca do campo,37.7167,-25.4333,21.23,90,56,2.73,PT,1689287839
174,goure,13.9835,10.2704,32.72,34,19,2.87,NE,1689287840
175,olyokminsk,60.3736,120.4264,17.92,53,61,2.73,RU,1689287720
176,la ligua,-32.4524,-71.2311,13.35,68,100,0.86,CL,1689287840
177,vorkuta,67.5,64.0,6.48,65,2,1.76,RU,1689287840
178,nilsia,63.2,28.0833,14.29,98,100,0.54,FI,1689287841
179,oriximina,-1.7656,-55.8661,26.7,75,86,0.68,BR,1689287841
180,beya,53.0533,90.9139,17.13,86,51,1.48,RU,1689287841
181,strugi-krasnyye,58.2675,29.1114,15.07,90,43,3.4,RU,1689287842
182,vadso,70.0744,29.7487,15.49,82,20,7.2,NO,1689287686
183,yarmouth,41.7057,-70.2286,27.56,83,0,5.66,US,1689287842
184,pemangkat,1.1667,108.9667,25.63,88,100,3.55,ID,1689287673
185,luderitz,-26.6481,15.1594,18.1,39,2,2.4,NA,1689287843
186,badger,64.8,-147.5333,23.32,40,75,2.57,US,1689287757
187,peace river,56.2501,-117.286,27.17,34,75,1.03,CA,1689287844
188,calvinia,-31.4707,19.776,10.64,46,3,3.77,ZA,1689287844
189,hovd,48.0056,91.6419,19.21,47,2,0.8,MN,1689287845
190,bandon,51.7469,-8.7425,13.77,95,100,3.34,IE,1689287845
191,salem,11.65,78.1667,23.83,90,100,1.11,IN,1689287727
192,gwadar,25.1216,62.3254,28.07,80,96,2.32,PK,1689287846
193,two rivers,44.1539,-87.5693,22.74,76,20,5.14,US,1689287846
194,tabina,7.4669,123.4081,26.3,84,94,1.72,PH,1689287846
195,marquette,46.5333,-87.6335,22.69,63,81,1.34,US,1689287847
196,petropavlovsk-kamchatsky,53.0452,158.6483,11.33,94,75,4.0,RU,1689287847
197,colonia,50.9333,6.95,18.87,69,0,1.54,DE,1689287847
198,westport,41.1415,-73.3579,30.17,75,0,5.66,US,1689287847
199,afaahiti,-17.75,-149.2833,26.93,71,57,8.53,PF,1689287848
200,holmsund,63.706,20.3641,15.97,88,40,0.51,SE,1689287848
201,arta,39.1606,20.9853,23.8,67,0,0.8,GR,1689287848
202,udachny,66.4167,112.4,9.25,51,68,5.29,RU,1689287849
203,kigoma,-4.8769,29.6267,19.33,82,0,0.0,TZ,1689287849
204,murghob,38.1702,73.9667,12.03,39,1,1.62,TJ,1689287849
205,broken hill,-31.95,141.4333,9.46,58,0,4.35,AU,1689287849
206,tiksi,71.6872,128.8694,9.72,65,61,3.84,RU,1689287849
207,la peca,-5.6111,-78.435,24.94,65,44,2.13,PE,1689287850
208,souillac,-20.5167,57.5167,18.21,94,20,2.06,MU,1689287850
209,hadibu,12.65,54.0333,25.33,81,71,10.22,YE,1689287850
210,iwanai,42.9744,140.5089,19.46,95,100,1.3,JP,1689287850
211,ixtapa,20.7,-105.2,32.9,70,20,4.63,MX,1689287851
212,sathyamangalam,11.5167,77.25,25.44,78,97,0.6,IN,1689287851
213,santa sylvina,-27.8326,-61.1375,7.25,66,41,2.02,AR,1689287851
214,fortuna,40.5982,-124.1573,21.63,78,20,6.17,US,1689287820
215,nikolayevsk-on-amure,53.1406,140.73,23.97,44,3,1.68,RU,1689287852
216,tabas,33.5959,56.9244,29.77,27,0,3.11,IR,1689287852
217,gokwe,-18.2048,28.9349,9.48,67,9,4.82,ZW,1689287852
218,beaufort west,-32.3567,22.583,12.32,35,39,2.91,ZA,1689287853
219,karratha,-20.7377,116.8463,19.74,49,3,2.59,AU,1689287853
220,rimus,16.8764,120.3966,26.19,91,100,2.46,PH,1689287853
221,kayangel,8.0823,134.7173,27.66,81,100,5.55,PW,1689287853
222,sinabang,2.4803,96.3801,25.02,88,100,2.73,ID,1689287854
223,danielskuil,-28.1887,23.5395,6.54,40,44,2.95,ZA,1689287854
224,palikir - national government center,6.9248,158.1611,26.47,89,100,3.09,FM,1689287854
225,praia da vitoria,38.7333,-27.0667,22.09,88,75,5.0,PT,1689287854
226,hilo,19.7297,-155.09,31.82,75,40,3.6,US,1689287855
227,north battleford,52.7834,-108.2847,24.05,41,0,8.75,CA,1689287855
228,tromso,69.6496,18.957,17.01,77,0,1.03,NO,1689287855
229,gillette,44.2911,-105.5022,31.51,26,0,5.81,US,1689287855
230,castillos,-34.1667,-53.8333,9.89,74,100,6.04,UY,1689287856
231,iqaluit,63.7506,-68.5145,5.85,100,100,5.66,CA,1689287856
232,novyy turtkul',41.55,61.0167,22.95,30,0,3.75,UZ,1689287856
233,santa cruz,-17.8,-63.1667,16.7,63,100,7.72,BO,1689287572
234,qaqortoq,60.7167,-46.0333,6.6,80,100,2.72,GL,1689287856
235,guymon,36.6828,-101.4816,29.0,74,75,4.12,US,1689287857
236,iguala de la independencia,18.35,-99.5333,31.84,44,24,1.03,MX,1689287857
237,oamaru,-45.0784,170.9801,9.65,92,7,2.8,NZ,1689287652
238,malango,-2.9627,119.9001,19.65,97,99,0.44,ID,1689287857
239,kuching,1.55,110.3333,24.12,94,20,1.03,MY,1689287858
240,puerto baquerizo moreno,-0.9,-89.6,26.55,78,75,5.14,EC,1689287858
241,auki,-8.7676,160.7034,27.75,77,30,1.81,SB,1689287858
242,cadale,2.7603,46.3222,24.84,83,79,7.28,SO,1689287858
243,sumbawa besar,-8.5,117.4333,21.84,87,26,2.18,ID,1689287859
244,paradip garh,20.3167,86.6167,28.37,81,100,7.16,IN,1689287859
245,lent'ekhi,42.7856,42.7261,15.13,81,0,2.5,GE,1689287859
246,yumaguzino,52.9041,56.3933,11.26,94,96,2.2,RU,1689287859
247,saint-denis,48.9167,2.3333,20.08,64,0,1.54,FR,1689287860
248,mesquite,32.7668,-96.5992,41.11,49,0,5.14,US,1689287576
249,margate,51.3813,1.3862,15.39,86,89,2.24,GB,1689287860
250,sao felix do xingu,-6.6447,-51.995,27.01,59,58,0.34,BR,1689287860
251,tolanaro,-25.0319,46.9987,18.04,82,75,1.03,MG,1689287860
252,nar'yan-mar,67.6713,53.087,8.51,74,55,3.95,RU,1689287861
253,kamensk-ural'skiy,56.4185,61.9329,13.13,75,48,3.8,RU,1689287861
254,saint-joseph,-21.3667,55.6167,20.82,89,55,4.65,RE,1689287861
255,opuwo,-18.0607,13.84,10.62,32,3,1.61,NA,1689287861
256,katiola,8.1333,-5.1,24.35,96,91,3.04,CI,1689287862
257,bungo-takada-shi,33.5567,131.4451,26.99,81,100,1.37,JP,1689287862
258,ulsteinvik,62.3432,5.8487,13.84,93,100,4.02,NO,1689287862
259,polyarnyy,69.1989,33.4478,11.55,69,97,4.04,RU,1689287862
260,road town,18.4167,-64.6167,30.05,70,20,3.6,VG,1689287863
261,dryden,49.7833,-92.7503,16.16,72,100,5.14,CA,1689287863
262,chonchi,-42.6128,-73.8092,6.56,97,100,2.26,CL,1689287863
263,jaru,-10.4389,-62.4664,26.72,55,6,1.44,BR,1689287863
264,chimbarongo,-34.7,-71.05,9.49,82,100,1.3,CL,1689287863
265,kourou,5.1552,-52.6478,27.03,88,55,3.17,GF,1689287864
266,boa vista,2.8197,-60.6733,30.99,55,20,3.09,BR,1689287864
267,broome,42.2506,-75.833,26.22,88,100,3.09,US,1689287864
268,sao joao da barra,-21.6403,-41.0511,25.05,62,0,4.21,BR,1689287864
269,champerico,14.3,-91.9167,34.3,70,52,4.17,GT,1689287865
270,la passe,45.5549,-0.8967,17.23,84,32,2.38,FR,1689287865
271,happy valley-goose bay,53.3168,-60.3315,25.17,53,20,3.09,CA,1689287865
272,aldinga beach,-35.2793,138.4604,10.93,72,100,7.72,AU,1689287866
273,gizo,-8.103,156.8419,26.87,85,40,6.9,SB,1689287866
274,tazovsky,67.4667,78.7,4.83,74,11,2.42,RU,1689287866
275,abu tij,27.0441,31.319,29.08,18,6,5.01,EG,1689287866
276,el dovio,4.5079,-76.2362,19.14,95,71,2.41,CO,1689287867
277,taltal,-25.4,-70.4833,19.19,54,95,2.62,CL,1689287867
278,kendari,-3.945,122.4989,23.57,96,100,1.43,ID,1689287867
279,naze,28.3667,129.4833,28.51,83,93,6.94,JP,1689287869
280,erenhot,43.6475,111.9767,18.28,73,81,9.42,CN,1689287869
281,dukhan,25.4297,50.7858,32.11,63,61,5.33,QA,1689287869
282,la sarre,48.8002,-79.1996,15.94,85,100,2.22,CA,1689287869
283,bayanaul,50.7889,75.6956,23.78,42,41,2.95,KZ,1689287870
284,rosaryville,38.7568,-76.8097,33.9,48,0,5.66,US,1689287870
285,derecske,47.35,21.5667,21.05,73,0,2.57,HU,1689287870
286,carauari,-4.8828,-66.8958,26.38,75,87,1.5,BR,1689287870
287,dire dawa,9.5931,41.8661,23.5,60,45,10.02,ET,1689287871
288,khovd,48.0056,91.6419,19.21,47,2,0.8,MN,1689287871
289,kailua-kona,19.6406,-155.9956,29.98,75,20,5.14,US,1689287605
290,dawei,14.0833,98.2,25.16,92,68,0.25,MM,1689287871
291,bridgewater,44.3835,-64.5155,23.82,69,46,2.06,CA,1689287871
292,ujae,8.9322,165.7642,28.52,79,30,6.85,MH,1689287872
293,newman,37.3138,-121.0208,37.19,10,0,3.01,US,1689287872
294,port-vila,-17.7338,168.3219,22.78,73,75,9.26,VU,1689287872
295,urzhar,47.093,81.6294,23.16,29,0,2.34,KZ,1689287872
296,laguna,38.421,-121.4238,38.43,30,0,2.57,US,1689287872
297,semporna,4.4818,118.6112,25.17,91,100,4.85,MY,1689287873
298,cururupu,-1.8283,-44.8683,23.72,93,9,1.47,BR,1689287873
299,puri,19.8,85.85,27.29,83,100,7.44,IN,1689287873
300,taoudenni,22.6783,-3.9836,37.88,9,13,4.57,ML,1689287874
301,teguise,29.0605,-13.564,23.12,73,0,6.17,ES,1689287874
302,morondava,-20.2833,44.2833,19.7,60,0,4.5,MG,1689287874
303,loikaw,19.6742,97.2094,20.31,88,83,0.75,MM,1689287874
304,bel ombre,-4.6167,55.4167,25.91,78,20,4.63,SC,1689287875
305,pasni,25.2631,63.471,28.41,76,100,3.54,PK,1689287875
306,georgetown,5.4112,100.3354,27.35,92,20,0.51,MY,1689287836
307,dzhalagash,45.0833,64.6667,25.04,34,0,5.41,KZ,1689287875
308,ocos,14.5094,-92.1933,29.1,69,78,3.63,GT,1689287876
309,shats'k,51.5021,23.9381,16.16,96,100,2.85,UA,1689287876
310,hami,42.8,93.45,26.61,20,0,3.61,CN,1689287876
311,saipan,15.1355,145.701,29.39,100,40,7.2,MP,1689287876
312,mhamid,29.82,-5.72,36.96,15,71,5.45,MA,1689287877
313,bovalino,38.149,16.174,27.94,52,0,3.06,IT,1689287877
314,kennett,36.2362,-90.0556,32.2,67,100,4.63,US,1689287877
315,carnarvon,-24.8667,113.6333,16.96,80,2,3.95,AU,1689287877
316,berdigestyakh,62.0989,126.6992,14.85,77,49,2.3,RU,1689287878
317,wotho,10.1657,166.0102,28.22,80,38,7.71,MH,1689287878
318,acapulco de juarez,16.8634,-99.8901,31.9,70,20,6.17,MX,1689287844
319,bu'aale,1.0833,42.5833,22.37,88,59,2.98,SO,1689287878
320,aksu,41.1231,80.2644,25.81,23,0,1.85,CN,1689287879
321,hailar,49.2,119.7,17.02,97,100,4.2,CN,1689287879
322,hammerfest,70.6634,23.6821,18.25,68,75,3.09,NO,1689287879
323,fisterra,42.9049,-9.2629,17.64,81,7,4.82,ES,1689287879
324,santa rosa de copan,14.7667,-88.7833,26.64,57,40,0.0,HN,1689287637
325,dalbandin,28.8947,64.4101,32.48,10,3,3.07,PK,1689287860
326,puerto carreno,6.189,-67.4859,29.99,74,40,1.03,CO,1689287880
327,chegdomyn,51.1167,133.0167,23.27,60,100,0.61,RU,1689287880
328,albardon,-31.4372,-68.5256,9.08,40,6,0.86,AR,1689287881
329,myslakowice,50.8412,15.7789,15.55,84,43,1.62,PL,1689287881
330,kruisfontein,-34.0033,24.7314,10.1,68,0,2.32,ZA,1689287881
331,revda,56.801,59.9303,10.03,88,80,1.56,RU,1689287881
332,walvis bay,-22.9575,14.5053,18.38,48,0,3.09,NA,1689287882
333,laojunmiao,39.8333,97.7333,17.99,36,1,1.99,CN,1689287882
334,luau,-10.7073,22.2247,14.77,44,0,2.03,AO,1689287882
335,banda aceh,5.5577,95.3222,27.0,68,94,4.53,ID,1689287883
336,marsh harbour,26.5412,-77.0636,29.32,72,69,4.36,BS,1689287883
337,brezina,33.0989,1.2608,33.73,15,93,3.68,DZ,1689287883
338,tyukalinsk,55.8732,72.1967,21.93,65,91,3.57,RU,1689287883
339,talnakh,69.4865,88.3972,4.56,89,76,2.89,RU,1689287884
340,acajutla,13.5928,-89.8275,29.87,76,77,3.33,SV,1689287738
341,edwards,39.645,-106.5942,30.57,22,53,2.24,US,1689287884
342,pisco,-13.7,-76.2167,21.03,73,0,9.26,PE,1689287884
343,vernon,50.2581,-119.2691,30.16,44,62,2.68,CA,1689287758
344,gifford,27.6753,-80.4092,32.25,72,0,3.09,US,1689287885
345,saint-pierre,-21.3393,55.4781,21.43,94,75,7.2,RE,1689287885
346,madalena,41.2162,-8.3345,19.75,87,4,0.48,PT,1689287885
347,christchurch,-43.5333,172.6333,14.15,82,20,0.51,NZ,1689287810
348,karaton,-6.3424,106.1045,22.52,94,97,1.76,ID,1689287886
349,bengkulu,-3.8004,102.2655,24.37,90,99,2.29,ID,1689287761
350,bubaque,11.2833,-15.8333,28.01,81,83,6.03,GW,1689287886
351,egilsstadir,65.2653,-14.3948,5.95,75,75,2.57,IS,1689287886
352,antsiranana,-12.2787,49.2917,22.31,77,19,5.0,MG,1689287887
353,abong mbang,3.9833,13.1833,19.49,97,56,0.81,CM,1689287887
354,kavieng,-2.5744,150.7967,27.46,82,77,3.6,PG,1689287887
355,raceland,29.7274,-90.599,34.99,69,0,3.09,US,1689287888
356,cidreira,-30.1811,-50.2056,13.03,85,100,6.76,BR,1689287888
357,gaiman,-43.2897,-65.4929,6.79,53,100,3.02,AR,1689287888
358,tamandare,-8.7597,-35.1047,24.11,84,2,2.74,BR,1689287888
359,hengchun,22.0042,120.7439,28.72,78,94,6.05,TW,1689287888
360,mugia,43.1041,-9.2179,17.73,80,9,5.45,ES,1689287889
361,kavaratti,10.5669,72.642,27.66,79,100,6.68,IN,1689287889
362,coahuayana de hidalgo,18.7,-103.6583,32.46,61,47,3.2,MX,1689287890
363,yerofey pavlovich,53.9667,121.9667,14.98,90,99,1.44,RU,1689287721
364,mbaiki,3.8678,17.9892,21.7,96,93,0.25,CF,1689287892
365,bandar lampung,-5.4254,105.258,24.14,93,100,2.98,ID,1689287892
366,mokhsogollokh,61.4681,128.9203,15.48,81,100,1.16,RU,1689287892
367,verdal,63.7933,11.4817,14.02,96,100,4.88,NO,1689287893
368,baiti,13.745,-14.7482,26.3,79,100,5.24,SN,1689287893
369,urangan,-25.3,152.9,18.96,71,6,4.88,AU,1689287893
370,villa gesell,-37.2639,-56.973,6.74,68,9,4.44,AR,1689287893
371,port lincoln,-34.7333,135.8667,11.11,59,92,6.52,AU,1689287894
372,cariamanga,-4.3333,-79.55,22.43,54,67,0.54,EC,1689287894
373,wynyard,-41.0,145.7167,12.49,75,100,7.23,AU,1689287894
374,encruzilhada do sul,-30.5439,-52.5219,7.33,96,100,4.82,BR,1689287895
375,touros,-5.1989,-35.4608,25.37,80,14,5.9,BR,1689287895
376,la ronge,55.1001,-105.2842,20.14,32,100,6.69,CA,1689287895
377,post,33.1909,-101.3782,41.1,16,2,4.83,US,1689287895
378,taroa,8.7058,171.2275,28.61,73,61,7.81,MH,1689287896
379,severobaykal'sk,55.65,109.3167,9.81,76,99,1.2,RU,1689287896
380,macau,22.2006,113.5461,29.36,89,20,2.06,MO,1689287891
381,alice springs,-23.7,133.8833,2.75,87,0,0.0,AU,1689287897
382,khandyga,62.6667,135.6,12.99,93,100,1.24,RU,1689287897
383,bamboo flat,11.7,92.7167,27.05,83,20,2.06,IN,1689287897
384,moranbah,-22.0016,148.0466,16.94,73,0,7.93,AU,1689287897
385,jayapura,-2.5333,140.7,26.66,82,95,2.01,ID,1689287898
386,andergrove,-21.0833,149.1833,20.49,73,27,7.51,AU,1689287898
387,bondo,3.8146,23.6866,20.21,100,58,0.91,CD,1689287898
388,atasu,48.6814,71.6433,26.07,29,53,2.42,KZ,1689287898
389,namibe,-15.1961,12.1522,22.64,33,0,3.98,AO,1689287899
390,sao joao evangelista,-18.5478,-42.7633,20.12,44,9,1.21,BR,1689287899
391,puerto santa,-8.9906,-78.6456,21.35,78,71,4.05,PE,1689287899
392,barah,13.7,30.3667,32.68,31,80,3.12,SD,1689287899
393,pedra azul,-16.0053,-41.2972,19.56,49,3,1.59,BR,1689287900
394,morehead city,34.7229,-76.726,31.01,80,0,6.69,US,1689287801
395,coxen hole,16.3244,-86.5366,30.6,79,20,6.17,HN,1689287900
396,cold lake,54.4502,-110.2017,23.97,35,0,7.2,CA,1689287886
397,aykhal,66.0,111.5,8.14,52,100,5.45,RU,1689287900
398,qarazhal,48.0078,70.7903,26.1,34,30,4.48,KZ,1689287901
399,kununurra,-15.7667,128.7333,14.99,82,20,0.51,AU,1689287901
400,fale old settlement,-9.3852,-171.2468,28.25,75,69,4.1,TK,1689287901
401,kingsbridge,50.2845,-3.7764,17.01,87,100,3.78,GB,1689287901
402,xiaoweizhai,26.1903,107.5125,23.35,97,100,1.05,CN,1689287902
403,kharabali,47.4196,47.2568,18.18,48,0,3.47,RU,1689287902
404,kokopo,-4.352,152.2633,25.88,84,90,5.37,PG,1689287902
405,balkanabat,39.5108,54.3671,29.93,31,0,2.91,TM,1689287902
406,lazaro cardenas,17.9583,-102.2,30.71,72,9,4.96,MX,1689287798
407,illizi,26.4833,8.4667,29.89,14,0,2.79,DZ,1689287903
408,caleta de carquin,-11.0925,-77.6267,20.57,80,15,4.26,PE,1689287903
409,mulanje,-16.0316,35.5,14.74,96,73,2.85,MW,1689287903
410,espoo,60.25,24.6667,16.19,90,0,4.12,FI,1689287904
411,mersa matruh,31.3525,27.2453,25.11,88,0,2.57,EG,1689287904
412,greenville,35.6127,-77.3663,32.09,75,0,1.34,US,1689287563
413,san julian,21.0167,-102.1667,23.65,46,7,4.66,MX,1689287904
414,malkara,40.89,26.9011,25.34,48,0,1.35,TR,1689287905
415,ayora,39.0585,-1.0563,22.27,80,44,2.12,ES,1689287905
416,taksimo,56.3444,114.8794,16.43,53,16,0.53,RU,1689287905
417,fatehganj west,28.4667,79.3,25.16,93,55,2.29,IN,1689287906
418,sungailiat,-1.85,106.1333,25.75,84,100,3.92,ID,1689287906
419,beihuaidian,39.2553,117.5583,24.01,78,64,3.63,CN,1689287906
420,benghazi,32.1167,20.0667,25.66,80,0,6.37,LY,1689287907
421,berezovyy,51.6667,135.7,24.76,43,8,0.99,RU,1689287907
422,harper,4.375,-7.7169,25.23,85,73,4.78,LR,1689287907
423,nemuro,43.3236,145.575,13.63,96,99,3.82,JP,1689287908
424,losice,52.2113,22.718,16.16,91,100,1.12,PL,1689287908
425,kerikeri,-35.2268,173.9474,15.51,89,20,1.79,NZ,1689287767
426,pokachi,61.7198,75.3683,9.83,61,100,5.63,RU,1689287908
427,chipinge,-20.1883,32.6236,7.28,83,4,2.18,ZW,1689287908
428,mount darwin,-16.7725,31.5838,7.85,86,5,1.12,ZW,1689287909
429,general conesa,-40.1,-64.4333,7.86,56,88,3.53,AR,1689287909
430,le port,-20.9373,55.2919,21.61,98,24,2.34,RE,1689287909
431,genhe,50.7833,121.5167,17.78,84,100,1.31,CN,1689287910
432,corinto,37.9407,22.9573,27.16,44,0,1.02,GR,1689287910
433,haflong,25.1833,93.0333,22.51,100,100,1.47,IN,1689287910
434,magadan,59.5667,150.8,14.74,82,68,1.74,RU,1689287910
435,poxoreo,-15.8372,-54.3892,26.37,49,32,5.19,BR,1689287911
436,whiteville,34.3388,-78.7031,32.07,73,0,2.57,US,1689287911
437,campbellton,48.0075,-66.6727,20.25,97,100,3.09,CA,1689287828
438,yakeshi,49.2833,120.7333,16.57,98,100,3.28,CN,1689287911
439,mariehamn,60.0973,19.9348,17.68,94,0,1.54,AX,1689287912
440,tongchuanshi,35.0806,109.0897,21.25,58,99,3.94,CN,1689287912
441,tegueste,28.5167,-16.3167,28.93,16,0,7.2,ES,1689287912
442,quellon,-43.1167,-73.6167,7.14,93,100,8.23,CL,1689287912
443,tshikapa,-6.4167,20.8,23.76,40,31,0.74,CD,1689287912
444,ascencion,31.1,-107.9833,37.83,17,20,4.43,MX,1689287913
445,barranca,-10.75,-77.7667,19.92,81,26,3.51,PE,1689287682
446,jacmel,18.2342,-72.5347,30.91,77,92,1.6,HT,1689287913
447,belize city,17.4995,-88.1976,32.01,74,40,3.6,BZ,1689287913
448,peshawar,34.008,71.5785,30.08,70,40,3.09,PK,1689287653
449,conway,35.0887,-92.4421,37.12,1,20,3.09,US,1689287914
450,burela de cabo,43.65,-7.4,19.54,79,59,2.09,ES,1689287915
451,ribeira brava,32.65,-17.0667,23.73,85,1,0.74,PT,1689287915
452,keflavik,64.0049,-22.5624,9.24,71,75,11.83,IS,1689287916
453,magole,-6.3667,37.3667,17.98,71,99,0.8,TZ,1689287916
454,alexandria,31.2156,29.9553,24.3,71,0,3.88,EG,1689287714
455,punta del este,-34.9667,-54.95,10.06,75,75,7.2,UY,1689287916
456,katsuren-haebaru,26.3369,127.8719,29.21,88,20,6.17,JP,1689287916
457,ardestan,33.3761,52.3694,28.94,15,0,2.06,IR,1689287917
458,shingu,33.7333,135.9833,27.91,74,94,3.71,JP,1689287917
459,holualoa,19.6228,-155.9522,27.91,75,20,5.14,US,1689287917
460,labrador city,52.9463,-66.9114,20.95,49,40,3.09,CA,1689287917
461,guerrero negro,27.9769,-114.0611,24.6,51,5,9.35,MX,1689287918
462,mount isa,-20.7333,139.5,15.87,72,0,0.0,AU,1689287918
463,preobrazheniye,42.9019,133.9064,16.32,93,100,5.16,RU,1689287675
464,sao jose da coroa grande,-8.8978,-35.1478,24.18,84,2,2.75,BR,1689287918
465,flying fish cove,-10.4217,105.6791,23.82,83,75,5.66,CX,1689287919
466,yanjiang,30.1211,104.6481,20.16,87,100,2.34,CN,1689287919
467,brookings,44.3114,-96.7984,27.88,67,20,4.12,US,1689287919
468,sarikamis,40.3381,42.5731,10.54,70,0,2.47,TR,1689287919
469,belmonte,-15.8631,-38.8828,22.98,84,3,4.56,BR,1689287920
470,hugo,45.16,-92.9933,30.97,45,20,5.14,US,1689287920
471,boguchany,58.3814,97.4531,14.0,73,17,1.42,RU,1689287920
472,imbituba,-28.24,-48.6703,14.46,69,47,6.15,BR,1689287920
473,enewetak,11.3474,162.3373,28.5,80,65,8.15,MH,1689287921
474,katsuura,35.1333,140.3,25.29,87,100,6.27,JP,1689287921
475,castanos,26.7833,-101.4167,38.52,30,6,0.84,MX,1689287921
476,mount pearl,47.5166,-52.7813,19.19,82,75,6.17,CA,1689287760
477,jindabyne,-36.4167,148.6333,5.46,70,100,2.67,AU,1689287922
478,alo,7.4178,6.7371,24.19,94,65,1.38,NG,1689287922
479,ketchikan,55.3422,-131.6461,21.26,60,0,5.66,US,1689287922
480,banlung,13.7468,107.0045,22.48,99,100,1.01,KH,1689287922
481,puerto armuelles,8.2833,-82.8667,28.99,84,99,1.34,PA,1689287800
482,rundu,-17.9333,19.7667,9.43,51,1,2.92,NA,1689287923
483,salinopolis,-0.6136,-47.3561,26.25,82,8,5.13,BR,1689287923
484,geraldton,-28.7667,114.6,15.23,88,75,5.14,AU,1689287923
485,almagro,38.8894,-3.7113,29.32,27,0,1.39,ES,1689287924
486,turpan,42.9333,89.1667,32.01,14,0,1.0,CN,1689287924
487,batticaloa,7.7102,81.6924,26.94,75,18,1.2,LK,1689287924
488,eldridge,41.6581,-90.5846,29.67,62,20,3.13,US,1689287924
489,carbonear,47.7332,-53.2148,19.91,90,73,3.33,CA,1689287925
490,zuunmod,47.7069,106.9528,7.57,91,6,2.39,MN,1689287925
491,oppdal,62.5943,9.6912,10.94,93,100,0.78,NO,1689287925
492,akhalk'alak'i,41.4051,43.4863,9.39,84,0,1.97,GE,1689287925
493,betio village,1.358,172.9211,26.02,77,96,3.07,KI,1689287926
494,hulan ergi,47.2042,123.6333,19.71,89,100,3.13,CN,1689287926
495,ban houakhoua,20.2453,100.4547,22.68,99,83,0.31,LA,1689287926
496,vilyuysk,63.7553,121.6247,16.54,59,93,2.86,RU,1689287926
497,cruz grande,16.7333,-99.1333,31.89,59,10,3.97,MX,1689287927
498,naberera,-4.2,36.9333,13.55,84,57,3.85,TZ,1689287927
499,ivdel',60.6911,60.4206,13.75,98,98,4.76,RU,1689287927
500,inirida,3.8653,-67.9239,24.52,94,73,0.95,CO,1689287927
501,nova borova,50.693,28.6345,17.45,96,100,4.88,UA,1689287927
502,fort-de-france,14.6089,-61.0733,28.97,74,75,5.14,MQ,1689287708
503,xinzhi,36.4989,111.7047,23.6,62,100,2.31,CN,1689287928
504,winnemucca,40.973,-117.7357,31.89,13,0,5.86,US,1689287928
505,rouached,36.4577,6.0427,23.5,47,25,1.34,DZ,1689287928
506,panacan,9.2463,118.4082,26.54,84,98,2.22,PH,1689287929
507,ust-nera,64.5667,143.2,24.29,54,37,2.73,RU,1689287929
508,jalai nur,49.45,117.7,19.64,75,99,5.56,CN,1689287929
509,pangody,65.85,74.4859,6.68,72,11,2.09,RU,1689287929
510,thulamahashi,-24.7246,31.1994,10.04,76,0,1.92,ZA,1689287930
511,barkhera kalan,28.45,79.8,24.93,93,79,1.59,IN,1689287930
512,mariental,-24.6333,17.9667,10.68,47,1,8.46,NA,1689287930
513,praia,14.9215,-23.5087,26.3,89,40,2.06,CV,1689287930
514,eydhafushi,5.1033,73.0708,27.94,76,24,3.54,MV,1689287931
515,ceeldheer,3.8488,47.1806,24.29,86,68,7.51,SO,1689287931
516,berdyansk,46.7503,36.7944,22.43,78,4,3.11,UA,1689287931
517,alofi,-19.0595,-169.9187,24.33,84,89,8.52,NU,1689287931
518,raja,8.4596,25.678,22.84,82,27,1.15,SS,1689287932
519,kushiro,42.975,144.3747,20.53,94,75,1.03,JP,1689287932
520,ulcinj,41.9294,19.2244,27.12,53,0,1.69,ME,1689287932
521,haimen,23.1935,116.6142,25.94,85,98,2.15,CN,1689287932
522,mesyagutovo,55.5303,58.2528,13.16,70,96,1.51,RU,1689287933
523,varenikovskaya,45.1209,37.6417,18.18,80,4,2.01,RU,1689287933
524,saguenay,48.4168,-71.0657,20.6,74,100,7.2,CA,1689287742
525,zhaqsy,51.9083,67.3133,19.48,66,31,0.75,KZ,1689287933
526,antalaha,-14.9003,50.2788,20.41,88,48,3.41,MG,1689287934
527,port douglas,-16.4833,145.4667,22.99,80,45,7.58,AU,1689287934
528,pak phanang,8.3511,100.202,27.01,83,99,2.69,TH,1689287934
529,arraial do cabo,-22.9661,-42.0278,24.98,69,0,3.6,BR,1689287934
530,plymouth,41.8334,-70.8328,28.14,72,0,4.63,US,1689287665
531,aketi,2.7388,23.7833,21.16,99,95,1.7,CD,1689287935
532,kolonia town,6.964,158.206,27.06,89,100,3.09,FM,1689287864
533,san angelo,31.4638,-100.437,42.8,18,0,4.63,US,1689287896
534,kapa'a,22.0752,-159.319,30.18,75,40,5.66,US,1689287936
535,igarape miri,-1.975,-48.9597,26.06,80,97,2.38,BR,1689287936
536,prince rupert,54.3161,-130.3201,15.05,82,0,5.14,CA,1689287709
537,kyzyl,51.7,94.45,18.21,58,4,1.34,RU,1689287936
538,tofol,5.3248,163.0078,25.88,94,100,1.54,FM,1689287938
539,tughyl,47.7252,84.2063,21.06,48,0,0.74,KZ,1689287938
540,tidjikja,18.5564,-11.4271,36.84,13,46,3.46,MR,1689287938
541,beni mellal,32.3373,-6.3498,31.9,24,48,1.74,MA,1689287939
542,malinyi,-8.9333,36.1333,18.82,59,37,0.72,TZ,1689287939
543,vyazemskiy,47.5378,134.7525,23.02,61,9,2.21,RU,1689287939
544,silver city,32.7701,-108.2803,28.98,35,75,7.72,US,1689287939
545,gaalkacyo,6.7697,47.4308,25.31,63,21,10.01,SO,1689287940
546,altai,46.3722,96.2583,13.3,60,0,1.48,MN,1689287940
547,lashkar gah,31.5938,64.3716,30.48,10,0,2.87,AF,1689287940
548,juegang,32.3174,121.1855,28.32,86,100,4.01,CN,1689287941
549,bereznik,62.8551,42.7072,13.91,98,98,1.53,RU,1689287941
550,san rafael del sur,11.8485,-86.4384,26.54,70,36,5.59,NI,1689287941
551,huarmey,-10.0681,-78.1522,21.4,78,73,4.0,PE,1689287941
552,rio gallegos,-51.6226,-69.2181,-0.97,86,0,1.54,AR,1689287920
553,cromer,52.9312,1.2989,16.71,89,99,4.89,GB,1689287942
554,akureyri,65.6835,-18.0878,4.96,87,100,8.75,IS,1689287942
555,sungai penuh,-2.0833,101.3833,18.51,99,100,0.75,ID,1689287942
556,vallenar,-28.5708,-70.7581,20.42,11,12,1.81,CL,1689287943
557,la gi,10.6667,107.7833,24.87,91,100,4.66,VN,1689287943
558,argos,37.6333,22.7333,27.1,41,0,1.34,GR,1689287943
559,mindelo,16.8901,-24.9804,26.75,78,20,6.69,CV,1689287944
560,mount gambier,-37.8333,140.7667,9.66,66,100,5.29,AU,1689287944
561,vila do maio,15.1333,-23.2167,26.44,85,48,1.84,CV,1689287944
562,ulanhot,46.0833,122.0833,18.55,96,100,10.83,CN,1689287944
563,zyryanskoye,56.8306,86.6258,15.74,96,99,2.54,RU,1689287945
564,shimokizukuri,40.8061,140.3861,22.19,84,54,2.89,JP,1689287945
565,remire-montjoly,4.9167,-52.2667,27.02,78,0,0.51,GF,1689287945
566,oudtshoorn,-33.5907,22.2014,9.2,35,8,2.03,ZA,1689287945
567,kharp,66.8014,65.8081,7.39,63,0,1.04,RU,1689287946
568,urucui,-7.2294,-44.5561,28.48,37,11,0.78,BR,1689287946
569,smithers,54.7804,-127.1743,26.18,27,75,2.06,CA,1689287480
570,monze,-16.2833,27.4833,10.71,66,5,2.04,ZM,1689287946
571,kamina,-8.7386,24.9906,15.59,61,4,2.0,CD,1689287946
572,as samawah,31.332,45.2944,35.24,12,3,8.3,IQ,1689287947
573,porto novo,6.4965,2.6036,25.9,89,83,1.73,BJ,1689287947
574,ponta delgada,37.7333,-25.6667,21.4,83,75,4.12,PT,1689287947
575,ves'yegonsk,58.664,37.2604,11.89,99,100,1.33,RU,1689287948
576,al fuwayliq,26.4432,43.2534,29.79,12,70,3.2,SA,1689287948
577,waingapu,-9.6567,120.2641,23.83,85,90,4.63,ID,1689287948
578,ancud,-41.8697,-73.8203,7.28,95,100,5.21,CL,1689287948
579,gubkinskiy,64.434,76.5026,8.99,62,58,2.57,RU,1689287948
